<?xml version="1.0" encoding="UTF-8" ?>
<module>
	<name>egormprod</name>
	<displayName><![CDATA[Get content products of ormatek]]></displayName>
	<version><![CDATA[0.1.1]]></version>
	<description><![CDATA[Addon for copy ormatek product information.]]></description>
	<author><![CDATA[Evgeny Grishin]]></author>
	<tab><![CDATA[front_office_features]]></tab>
	<confirmUninstall><![CDATA[Are you sure you want to uninstall?]]></confirmUninstall>
	<is_configurable>1</is_configurable>
	<need_instance>0</need_instance>
	<limited_countries></limited_countries>
</module>